,mean_difference,sample_mean,sample_std,mannwhitneyu_statistic,savings_after24h,welchsttest_statistic,n,welchsttest_p,mannwhitneyu_p,cohensd,shapiro_W,improvement,shapiro_p
acrylicpaint,0.0,8.952270225,0.218921712533,450.0,-0.0,0.0,30,1.0,0.994099461617,0.0,0.701202273369,-0.0,1.62439914675e-06
acrylicpaint-lint-all,-0.0490988255747,8.90317139943,0.145323200604,383.0,7.89769600901,1.01808864058,29,0.313481112314,0.434896025386,-0.263356561875,0.940137982368,0.00548451111737,0.101106636226
acrylicpaint-lint-draw-allocation,-0.0261449491379,8.92612527586,0.123678143361,425.0,4.20549489821,0.567161543938,29,0.573355665872,0.885469966713,-0.146388817255,0.979142904282,0.0029204825682,0.816000819206
acrylicpaint-lint-overdraw,-0.0919296654762,8.86034055952,0.119838680618,271.0,14.7871673842,2.00109175493,28,0.0513598049914,0.0208471187832,-0.515975395606,0.867698907852,0.010268866239,0.00217430060729
blank-app,-6.37384937083,2.57842085417,0.86404490097,0.0,1025.25313282,37.914802991,28,4.72424866828e-27,6.68090586617e-11,-10.2754004991,0.553682982922,0.711981342234,4.27411031012e-08
