,mean_difference,sample_mean,sample_std,mannwhitneyu_statistic,savings_after24h,welchsttest_statistic,n,welchsttest_p,mannwhitneyu_p,cohensd,shapiro_W,improvement,shapiro_p
acrylicpaint,0.0,62.6756548889,1.01104267873,450.0,-0.0,0.0,30,1.0,0.994099461617,0.0,0.975046515465,-0.0,0.684099256992
acrylicpaint-lint-all,1.36527645594,64.0409313448,0.773323059656,125.0,-31.3678109951,-5.83775401854,29,3.07116503907e-07,2.69719136664e-06,1.51339190746,0.980393469334,-0.02178320208,0.847980320454
acrylicpaint-lint-draw-allocation,-0.173964193487,62.5016906954,1.06195989051,379.0,3.99690181243,0.644038847552,29,0.522151434753,0.400074140959,-0.167859594652,0.943542361259,0.00277562625863,0.124156288803
acrylicpaint-lint-overdraw,1.41697554861,64.0926304375,0.675450524755,103.0,-32.5556197796,-6.31373879771,28,6.65612036427e-08,8.4397281087e-07,1.63691698954,0.960780382156,-0.0226080692914,0.36379224062
blank-app,-9.74420626687,52.931448622,0.555785096101,0.0,223.877310084,45.8808193054,28,7.38918493845e-40,6.68090586617e-11,-11.831472636,0.974643111229,0.155470354225,0.708696007729
