,mean_difference,sample_mean,sample_std,mannwhitneyu_statistic,savings_after24h,welchsttest_statistic,n,welchsttest_p,mannwhitneyu_p,cohensd,shapiro_W,improvement,shapiro_p
acrylicpaint,0.0,15.8564579889,0.311137421732,450.0,-0.0,0.0,30,1.0,0.994099461617,0.0,0.826058983803,-0.0,0.000203355404665
acrylicpaint-lint-all,-0.372917773372,15.4835402155,0.162880570482,88.0,33.8664280529,5.79459455879,29,6.70739604955e-07,1.49138879844e-07,-1.49424643502,0.985679984093,0.0235183528145,0.953143000603
acrylicpaint-lint-draw-allocation,0.00149341915709,15.857951408,0.192085839935,398.0,-0.135624462141,-0.0222645761263,29,0.982328146974,0.579981616863,0.00575340653369,0.958286762238,-9.41836542648e-05,0.298078209162
acrylicpaint-lint-overdraw,-0.336920110913,15.519537878,0.158021334594,105.0,30.5973099449,5.24985245537,28,4.2866940046e-06,9.89107129974e-07,-1.35123725741,0.981297492981,0.0212481319062,0.880258798599
blank-app,-1.27714239365,14.5793155952,0.23585354258,5.0,115.983345596,17.6877348332,28,4.44145324876e-24,1.1196206751e-10,-4.60393559925,0.614958047867,0.0805439899974,2.1962304686e-07
