,mean_difference,sample_mean,sample_std,mannwhitneyu_statistic,savings_after24h,welchsttest_statistic,n,welchsttest_p,mannwhitneyu_p,cohensd,shapiro_W,improvement,shapiro_p
acrylicpaint,0.0,27.2635788361,0.192420822178,450.0,-0.0,0.0,30,1.0,0.994099461617,0.0,0.5410592556,-0.0,1.49691494755e-08
acrylicpaint-lint-all,-0.339721603352,26.9238572328,0.116771013388,4.0,17.9433196122,8.22886275246,29,9.83486748254e-11,6.69997417609e-11,-2.12592743771,0.975093007088,0.0124606386196,0.70335572958
acrylicpaint-lint-draw-allocation,-0.0464854769157,27.2170933592,0.0937363794421,408.0,2.45525677905,1.18564743306,29,0.242372666276,0.687837137396,-0.3054960849,0.938576579094,0.0017050394299,0.0920229181647
acrylicpaint-lint-overdraw,-0.36062653254,26.9029523036,0.0926769080365,0.0,19.0474702525,9.18680341114,28,1.21363282083e-11,6.68090586617e-11,-2.36177321512,0.963921785355,0.0132274098976,0.429969698191
blank-app,-2.6073996873,24.6561791488,0.218990460806,0.0,137.716899615,48.0310689434,28,6.47943420609e-46,6.68090586617e-11,-12.6781955676,0.488663911819,0.0956367358436,8.74503758297e-09
