,mean_difference,sample_mean,sample_std,mannwhitneyu_statistic,savings_after24h,welchsttest_statistic,n,welchsttest_p,mannwhitneyu_p,cohensd,shapiro_W,improvement,shapiro_p
blank-app,-0.366775560345,15.2049528276,0.134782597742,42.0,33.9176739883,7.4383257381,29,2.19039601869e-09,4.14275167436e-09,-1.95340003824,0.947909414768,0.0235539402697,0.161491602659
talalarmo,0.0,15.5717283879,0.228786524936,420.5,-0.0,0.0,29,1.0,0.993793223603,0.0,0.798079907894,-0.0,7.71739942138e-05
talalarmo-lint-all,0.0481590948276,15.6198874828,0.180336723717,307.0,-4.45352595576,-0.890254156411,29,0.377345097717,0.0788672711527,0.233792195234,0.924802005291,-0.00309272635817,0.0404151678085
talalarmo-lint-draw-allocation,0.144877653736,15.7166060417,0.289744758883,263.0,-13.3976021275,-2.09042621775,28,0.0415486086895,0.0229272817105,0.556152027558,0.860037505627,-0.00930389036633,0.00150066684
talalarmo-lint-wakelock,0.0485417965928,15.6202701845,0.178623472694,317.0,-4.48891641006,-0.894568388424,28,0.375083687472,0.157751666528,0.235988725775,0.983479261398,-0.00311730306254,0.923879802227
