,mean_difference,sample_mean,sample_std,mannwhitneyu_statistic,savings_after24h,welchsttest_statistic,n,welchsttest_p,mannwhitneyu_p,cohensd,shapiro_W,improvement,shapiro_p
blank-app,-2.01718314943,1.31336202586,0.250021932451,0.0,872.152630364,34.0367315264,29,8.22963224645e-38,6.50947464278e-11,-8.93848360586,0.210627198219,0.605661548864,2.09660188516e-11
talalarmo,0.0,3.33054517529,0.198359576687,420.5,-0.0,0.0,29,1.0,0.993793223603,0.0,0.369586884975,-0.0,4.30887464598e-10
talalarmo-lint-all,-0.0608299367816,3.26971523851,0.0502761527146,288.0,26.3005317014,1.6008219631,29,0.119373157385,0.0400947708891,-0.420396443237,0.972352862358,0.018264258126,0.625029623508
talalarmo-lint-draw-allocation,0.0540239794745,3.38456915476,0.400951638344,354.0,-23.3578967854,-0.641224157818,28,0.52511243398,0.411040246031,0.171742340763,0.378722965717,-0.0162207616565,7.89338316931e-10
talalarmo-lint-wakelock,-0.0550975830255,3.27544759226,0.0567212673835,290.0,23.8220817857,1.43623602521,28,0.160433774991,0.065232852938,-0.374801701234,0.951856851578,0.0165431123512,0.220529705286
