,mean_difference,sample_mean,sample_std,mannwhitneyu_statistic,savings_after24h,welchsttest_statistic,n,welchsttest_p,mannwhitneyu_p,cohensd,shapiro_W,improvement,shapiro_p
blank-app,-124.129233001,71.4316808966,0.815194136001,0.0,914.017489277,277.066231638,29,5.19661738545e-62,4.46175034167e-11,-71.1902417244,0.970157206059,0.634734367553,0.563966393471
gnucash,0.0,195.560913897,2.30954731495,450.0,-0.0,0.0,30,1.0,0.994099461617,0.0,0.964266955853,-0.0,0.396181374788
gnucash-lint-all,-1.52969320833,194.031220689,2.47976604175,295.0,11.2637958992,2.47247885272,30,0.016387079217,0.0223601480627,-0.638391294695,0.982405304909,0.00782208048556,0.885257899761
gnucash-lint-obsolete-layout-param,-1.41144010987,194.149473787,1.88619012807,280.0,10.3930469423,2.57486596743,29,0.0127241523544,0.0191538557068,-0.668228205412,0.975732147694,0.00721739370991,0.721638739109
gnucash-lint-recycle,-1.27789295079,194.283020946,1.43680781095,278.0,9.40968117029,2.54800364334,28,0.0140212972552,0.0276781684252,-0.659233544865,0.958548784256,0.0065345008127,0.321942269802
