,mean_difference,sample_mean,sample_std,mannwhitneyu_statistic,savings_after24h,welchsttest_statistic,n,welchsttest_p,mannwhitneyu_p,cohensd,shapiro_W,improvement,shapiro_p
blank-app,-2.38122255573,29.5902008937,0.593503250708,0.0,107.25079181,16.5258692105,29,1.00190312425e-22,9.62290614479e-11,-4.36387981324,0.955133318901,0.0744797165348,0.248154506087
uhabits,0.0,31.9714234494,0.491161081821,392.0,-0.0,0.0,28,1.0,0.993459540485,0.0,0.961575269699,-0.0,0.379733294249
uhabits-lint-all,0.0779144442734,32.0493378937,0.550832235537,367.0,-3.50928384316,-0.564089485662,29,0.57500052106,0.538849963291,0.149149512873,0.97795689106,-0.00243700266886,0.784099936485
uhabits-lint-overdraw,0.220118225883,32.1915416753,0.432513457563,304.0,-9.91417369241,-1.79329879228,29,0.0785682678258,0.10519250512,0.47620427625,0.981912493706,-0.00688484284195,0.883800268173
uhabits-lint-unused-resource,-0.065119421627,31.9063040278,0.598270544669,404.0,2.9329931866,0.454297631152,30,0.651398320364,0.809408990904,-0.118562275397,0.981152534485,0.00203680082402,0.855306744576
