,mean_difference,sample_mean,sample_std,mannwhitneyu_statistic,savings_after24h,welchsttest_statistic,n,welchsttest_p,mannwhitneyu_p,cohensd,shapiro_W,improvement,shapiro_p
blank-app,-19.1952181851,1.96906293391,0.391955675863,0.0,1306.02660356,67.374270094,29,5.67175911806e-35,9.62290614479e-11,-18.1287253359,0.514454305172,0.906962919136,1.10716484869e-08
uhabits,0.0,21.164281119,1.45754620465,392.0,-0.0,0.0,28,1.0,0.993459540485,0.0,0.794248580933,-0.0,8.46635739435e-05
uhabits-lint-all,0.234930366585,21.3992114856,0.911821876157,395.0,-15.9844658072,-0.726595464213,29,0.471232005839,0.866893751912,0.19401986945,0.905578255653,-0.0111003234772,0.0133592663333
uhabits-lint-overdraw,0.250404720033,21.4146858391,0.967435125268,389.0,-17.0373278837,-0.761441512231,29,0.450221143061,0.79225781526,0.20314640345,0.914876580238,-0.011831477697,0.0226585585624
uhabits-lint-unused-resource,0.11746703373,21.2817481528,1.01794105765,406.0,-7.99235880586,-0.353513375244,30,0.725253850844,0.833615037677,0.0940220897269,0.909602463245,-0.00555024917073,0.0145409880206
