,mean_difference,sample_mean,sample_std,mannwhitneyu_statistic,savings_after24h,welchsttest_statistic,n,welchsttest_p,mannwhitneyu_p,cohensd,shapiro_W,improvement,shapiro_p
blank-app,-286.797324538,191.01233923,2.1350116659,0.0,864.336112581,39.7166760499,29,1.33715391615e-25,9.62290614479e-11,-10.7113660398,0.967524349689,0.600233411514,0.494645684958
uhabits,0.0,477.809663768,38.1527339146,392.0,-0.0,0.0,28,1.0,0.993459540485,0.0,0.973863065243,-0.0,0.686940729618
uhabits-lint-all,1.08597224364,478.895636011,36.6897104102,406.0,-3.27285140804,-0.109473637928,29,0.913227508402,0.993631985161,0.0290249946664,0.970650911331,-0.0022728134778,0.577481091022
uhabits-lint-overdraw,5.92990183559,483.739565603,36.6299519846,374.0,-17.8712556291,-0.598235222058,29,0.552152985984,0.615093581061,0.158616076614,0.960805773735,-0.0124105941869,0.344057798386
uhabits-lint-unused-resource,7.74684482103,485.556508589,35.0775849724,376.0,-23.3470718326,-0.803304380118,30,0.42527542082,0.498479573635,0.211705678215,0.952668845654,-0.0162132443282,0.19920553267
