,mean_difference,sample_mean,sample_std,mannwhitneyu_statistic,savings_after24h,welchsttest_statistic,n,welchsttest_p,mannwhitneyu_p,cohensd,shapiro_W,improvement,shapiro_p
blank-app,-16.2574427171,72.7769312443,0.114234082363,0.0,262.940215907,49.8504469229,29,2.68699876241e-28,9.62290614479e-11,-13.4437819804,0.964269816875,0.182597372158,0.416645556688
uhabits,0.0,89.0343739613,1.72203322598,392.0,-0.0,0.0,28,1.0,0.993459540485,0.0,0.918544650078,-0.0,0.0319335833192
uhabits-lint-all,0.026592515702,89.060966477,1.34554386359,390.0,-0.430094815149,-0.0648139824567,29,0.948575035874,0.804585178154,0.0172466305486,0.960487186909,-0.000298676954965,0.337930768728
uhabits-lint-overdraw,0.294527751334,89.3289017126,1.50128169359,377.0,-4.76355303071,-0.68732035604,29,0.494853949307,0.649160432372,0.182547671316,0.951750040054,-0.003308022938,0.203180611134
uhabits-lint-unused-resource,0.270939580357,89.3053135417,1.43756912774,395.0,-4.38204907111,-0.648051160484,30,0.519762103612,0.703029991836,0.171358887274,0.967783033848,-0.00304308963272,0.480433762074
