,mean_difference,sample_mean,sample_std,mannwhitneyu_statistic,savings_after24h,welchsttest_statistic,n,welchsttest_p,mannwhitneyu_p,cohensd,shapiro_W,improvement,shapiro_p
blank-app,-248.96344108,86.676144158,1.47648024714,0.0,1068.13192163,37.2881127639,29,8.02932939079e-25,9.62290614479e-11,-10.0568906583,0.958993017673,0.741758278909,0.310405135155
uhabits,0.0,335.639585238,35.3002444298,392.0,-0.0,0.0,28,1.0,0.993459540485,0.0,0.976407408714,-0.0,0.757429838181
uhabits-lint-all,0.746534917077,336.386120155,34.7139456277,404.0,-3.20287096002,-0.0804740063082,29,0.936153187532,0.980897577908,0.0213277457103,0.970851421356,-0.00222421594446,0.583009064198
uhabits-lint-overdraw,5.16485113834,340.804436376,34.4108716644,375.0,-22.1588452802,-0.559105604829,29,0.578367746647,0.626362030992,0.148201013782,0.960414409637,-0.0153880870002,0.336544662714
uhabits-lint-unused-resource,7.42355762857,343.063142867,32.9466510428,373.0,-31.8494106634,-0.826440306776,30,0.41212921495,0.469332450745,0.217688758333,0.950509786606,-0.022117646294,0.174457281828
